Clamp_name,Pair_id,Martin_name,Order,RC,Nucleotide,Status
CV_NC_045512.2_10874-11313:mt,NC_045512.2_10874-11313,NC_045512.2_10874-11313:.-probe,1,A,T,mutant
CV_NC_045512.2_10874-11313:wt_G-T,NC_045512.2_10874-11313,NC_045512.2_10874-11313:.-probe,1,C,G,wildtype
CV_NC_045512.2_1188-1627:mt,NC_045512.2_1188-1627,NC_045512.2_1188-1627:.-probe  ,2,T,A,mutant
CV_NC_045512.2_1188-1627:wt_G-A,NC_045512.2_1188-1627,NC_045512.2_1188-1627:.-probe  ,2,C,G,wildtype
CV_NC_045512.2_14199-14638:mt,NC_045512.2_14199-14638,NC_045512.2_14199-14638:.-probe,3,A,T,mutant
CV_NC_045512.2_14199-14638:wt_C-T,NC_045512.2_14199-14638,NC_045512.2_14199-14638:.-probe,3,G,C,wildtype
CV_NC_045512.2_14596-15035:mt,NC_045512.2_14596-15035,NC_045512.2_14596-15035:.-probe,4,A,T,mutant
CV_NC_045512.2_14596-15035:wt_C-T,NC_045512.2_14596-15035,NC_045512.2_14596-15035:.-probe,4,G,C,wildtype
CV_NC_045512.2_17538-17977:mt,NC_045512.2_17538-17977,NC_045512.2_17538-17977:.-probe,5,A,T,mutant
CV_NC_045512.2_17538-17977:wt_C-T,NC_045512.2_17538-17977,NC_045512.2_17538-17977:.-probe,5,G,C,wildtype
CV_NC_045512.2_17649-18088:mt,NC_045512.2_17649-18088,NC_045512.2_17649-18088:.-probe,6,C,G,mutant
CV_NC_045512.2_17649-18088:wt_A-G,NC_045512.2_17649-18088,NC_045512.2_17649-18088:.-probe,6,T,A,wildtype
CV_NC_045512.2_17851-18290:mt,NC_045512.2_17851-18290,NC_045512.2_17851-18290:.-probe,7,A,T,mutant
CV_NC_045512.2_17851-18290:wt_C-T,NC_045512.2_17851-18290,NC_045512.2_17851-18290:.-probe,7,G,C,wildtype
CV_NC_045512.2_21502-21941:mt,NC_045512.2_21502-21941,NC_045512.2_21502-21941:.-probe,8,A,T,mutant
CV_NC_045512.2_21502-21941:wt_C-T,NC_045512.2_21502-21941,NC_045512.2_21502-21941:.-probe,8,G,C,wildtype
CV_NC_045512.2_23194-23633:mt,NC_045512.2_23194-23633,NC_045512.2_23194-23633:.-probe,9,C,G,mutant
CV_NC_045512.2_23194-23633:wt_A-G,NC_045512.2_23194-23633,NC_045512.2_23194-23633:.-probe,9,T,A,wildtype
CV_NC_045512.2_25935-26374:mt,NC_045512.2_25935-26374,NC_045512.2_25935-26374:.-probe,10,A,T,mutant
CV_NC_045512.2_25935-26374:wt_G-T,NC_045512.2_25935-26374,NC_045512.2_25935-26374:.-probe,10,C,G,wildtype
CV_NC_045512.2_26837-27276:mt,NC_045512.2_26837-27276,NC_045512.2_26837-27276:.-probe,11,A,T,mutant
CV_NC_045512.2_26837-27276:wt_C-T,NC_045512.2_26837-27276,NC_045512.2_26837-27276:.-probe,11,G,C,wildtype
CV_NC_045512.2_27935-28374:mt,NC_045512.2_27935-28374,NC_045512.2_27935-28374:.-probe,12,G,C,mutant
CV_NC_045512.2_27935-28374:wt_T-C,NC_045512.2_27935-28374,NC_045512.2_27935-28374:.-probe,12,A,T,wildtype
CV_NC_045512.2_2828-3267:mt,NC_045512.2_2828-3267,NC_045512.2_2828-3267:.-probe  ,13,A,T,mutant
CV_NC_045512.2_2828-3267:wt_C-T,NC_045512.2_2828-3267,NC_045512.2_2828-3267:.-probe  ,13,G,C,wildtype
CV_NC_045512.2_28479-28918:mt,NC_045512.2_28479-28918,NC_045512.2_28479-28918:.-probe,14,G,C,mutant
CV_NC_045512.2_28479-28918:wt_T-C,NC_045512.2_28479-28918,NC_045512.2_28479-28918:.-probe,14,A,T,wildtype
CV_NC_045512.2_28672-29111:mt,NC_045512.2_28672-29111,NC_045512.2_28672-29111:.-probe,15,T,A,mutant
CV_NC_045512.2_28672-29111:wt_G-A,NC_045512.2_28672-29111,NC_045512.2_28672-29111:.-probe,15,C,G,wildtype
CV_NC_045512.2_28886-29325:mt,NC_045512.2_28886-29325,NC_045512.2_28886-29325:.-probe,16,A,T,mutant
CV_NC_045512.2_28886-29325:wt_C-T,NC_045512.2_28886-29325,NC_045512.2_28886-29325:.-probe,16,G,C,wildtype
CV_NC_045512.2_29533-29972:mt,NC_045512.2_29533-29972,NC_045512.2_29533-29972:.-probe,17,A,T,mutant
CV_NC_045512.2_29533-29972:wt_G-T,NC_045512.2_29533-29972,NC_045512.2_29533-29972:.-probe,17,C,G,wildtype
CV_NC_045512.2_305-744:mt,NC_045512.2_305-744,NC_045512.2_305-744:.-probe    ,18,G,C,mutant
CV_NC_045512.2_305-744:wt_T-C,NC_045512.2_305-744,NC_045512.2_305-744:.-probe    ,18,A,T,wildtype
CV_NC_045512.2_32-471:mt,NC_045512.2_32-471,NC_045512.2_32-471:.-probe     ,19,A,T,mutant
CV_NC_045512.2_32-471:wt_C-T,NC_045512.2_32-471,NC_045512.2_32-471:.-probe     ,19,G,C,wildtype
CV_NC_045512.2_8573-9012:mt,NC_045512.2_8573-9012,NC_045512.2_8573-9012:.-probe  ,20,A,T,mutant
CV_NC_045512.2_8573-9012:wt_C-T,NC_045512.2_8573-9012,NC_045512.2_8573-9012:.-probe  ,20,G,C,wildtype